{"cameraMode":{"drawMode":0,"name":"Shaded","section":"Shading Mode"},"sceneLighting":true,"audioPlay":false,"sceneViewState":{"m_AlwaysRefresh":false,"showFog":true,"showSkybox":false,"showFlares":true,"showImageEffects":true,"showParticleSystems":true,"showVisualEffectGraphs":true,"m_FxEnabled":true},"in2DMode":false,"pivot":{"x":619.6512451171875,"y":32.87523651123047,"z":463.93182373046877},"rotation":{"x":0.24781234562397004,"y":0.5545307993888855,"z":-0.17950432002544404,"w":0.7738629579544067},"size":13.083562850952149,"orthographic":false}